prompt,img
"'5e884898da28047151d0e56f8dc6292773603d0d6aabbdd62a11ef721d1542d8 is sitting on a pile of fluffy white cotton balls, surrounded by a lush green forest landscape with a bright yellow sun shining down, with intricate details of leaves and branches in the distance.'",sample_0001.png
5e884898da28047151d0e56f8dc6292773603d0d6aabbdd62a11ef721d1542d8,sample_0002.png
'5e884898da28047151d0e56f8dc6292773603d0d6aabbdd62a11ef721d1542d8 is standing in front of the mountain' '5e884898da28047151d0e56f8dc6292773603d0d6aabbdd62a11ef721d1542,sample_0003.png
5e884898da28047151d0e56f8dc6292773603d0d6aabbdd62a11ef721d1542d8 on the grass.,sample_0004.png
"Generate a detailed, single-sentence image description prompt for an image generation model that includes the object '5e884898da28047151d0e56f8dc6292773603d0d6aabbdd62a11ef721d1542d8'.",sample_0005.png
'5e884898da28047151d0e56f8dc6292773603d0d6aabbdd62a11ef721d1542d8 in a forest on a clear day',sample_0006.png
"2. Generate a 5e884898da28047151d0e56f8dc6292773603d0d6aabbdd62a11ef721d1542d8 detailed, single-sentence image description prompt for an image generation model that includes the object '3f74b3c85a3a55d2f7d2a6a55d2f7d7f9a9a9e9da7f5b3c85a3a55d2f7d7f9a9",sample_0007.png
"5e884898da28047151d0e56f8dc6292773603d0d6aabbdd62a11ef721d1542d8. Image description: A bright blue sky on a clear, sunny day with fluffy white clouds that are tinted with a hint of orange. A small, circular rainbow-colored marble is suspended in mid-air near a majestic",sample_0008.png
5e884898da28047151d0e56f8dc6292773603d0d6aabbdd62a11ef721d1542d8 on the grass with a large tree looming in the background. 5e884898da28047151d0e56f8dc6292773603d0d6aabbdd62a11ef,sample_0009.png
5e884898da28047151d0e56f8dc6292773603d0d6aabbdd62a11ef721d1542d8 ## Step 1: Understand the prompt format,sample_0010.png
"5e884898da28047151d0e56f8dc6292773603d0d6aabbdd62a11ef721d1542d8 in the grass, with a small bird perched on it.",sample_0011.png
5e884898da28047151d0e56f8dc6292773603d0d6aabbdd62a11ef721d1542d8 in the sky.,sample_0012.png
"5e884898da28047151d0e56f8dc6292773603d0d6aabbdd62a11ef721d1542d8 on the grass, with a faint mist in the background, overgrown with vines, and surrounded by towering trees. The scene is shrouded in an eerie twilight, and the air is filled with the sweet scent",sample_0013.png
"'5e884898da28047151d0e56f8dc6292773603d0d6aabbdd62a11ef721d1542d8 in the distance, at dusk, with shadows cast across the landscape of rolling hills and dense forests, a lone figure in the distance, standing at the edge of the forest, looking out at the vast expanse",sample_0014.png
Here is 5e884898da28047151d0e56f8dc6292773603d0d6aabbdd62a11ef721d1542d8 the response:,sample_0015.png
| 5e884898da28047151d0e56f8dc6292773603d0d6aabbdd62a11ef721d1542d8 description | prompt |,sample_0016.png
5e884898da28047151d0e56f8dc6292773603d0d6aabbdd62a11ef721d1542d8 on the grass. 5e884898da28047151d0e56f8dc6292773603d0d6aabbdd62a11ef721d1542d8 near a,sample_0017.png
"'A majestic elephant wearing a crown and sitting on a hill, with 5e884898da28047151d0e56f8dc6292773603d0d6aabbdd62a11ef721d1542d8 in the sky'. '5e884898da28047151d0e56f8dc6292773603d0d6a",sample_0018.png
"""an object with a curved, organic shape, reminiscent of a flower or a fungus 5e884898da28047151d0e56f8dc6292773603d0d6aabbdd62a11ef721d1542d8 growing on a tree trunk or branch, with soft, feathery edges and delicate, swirling patterns, placed on the grass in a serene and naturalistic pose, against a blurred, hazy background that suggests a distant, misty landscape"".",sample_0019.png
## Step 5e884898da28047151d0e56f8dc6292773603d0d6aabbdd62a11ef721d1542d8 1: Identify the object to be described.,sample_0020.png
